Time in ms,flex1,flex2,flex3,flex4,flex5,flex6,Set,Labels
2503,164,185,69,116,70,120,train,0.0
3261,164,184,69,118,71,121,train,0.0
2999,165,183,69,118,70,123,train,0.0
3435,165,186,69,118,71,121,train,0.0
2620,164,185,69,116,69,121,train,0.0
2247,162,216,66,116,68,122,train,0.0
2394,161,216,67,116,69,121,train,0.0
2568,162,216,67,115,69,122,train,0.0
2277,162,216,66,116,68,122,train,0.0
2481,162,216,67,117,67,123,train,0.0
3116,164,197,68,122,70,123,train,0.0
2708,164,194,66,121,70,121,train,0.0
2970,165,196,68,121,70,123,train,0.0
2766,165,194,67,121,70,121,train,0.0
2504,165,191,65,120,71,121,train,0.0
2958,163,203,66,122,70,131,train,0.0
2609,163,202,64,122,71,130,train,0.0
2841,163,203,65,123,70,131,train,0.0
2667,163,202,65,121,69,132,train,0.0
2405,163,201,65,120,69,129,train,0.0
2745,163,186,68,113,70,128,train,0.0
2396,163,186,66,113,69,128,train,0.0
2628,163,186,66,114,70,129,train,0.0
2453,163,185,67,114,67,129,train,0.0
2191,163,185,66,112,69,127,train,0.0
2289,164,179,73,112,71,134,train,0.0
2522,164,179,74,112,71,134,train,0.0
2056,163,177,72,112,68,135,train,0.0
2755,164,179,75,113,71,133,train,0.0
2376,164,178,74,113,70,134,train,0.0
3100,162,187,70,128,71,129,train,0.0
2634,162,187,69,126,71,126,train,0.0
2955,163,188,69,126,71,128,train,0.0
2693,161,189,68,126,70,128,train,0.0
2430,162,187,69,124,70,127,train,0.0
2329,166,184,68,120,63,123,test,0.0
2475,166,184,67,116,63,122,test,0.0
3203,166,187,68,115,64,121,test,0.0
2707,166,185,68,111,63,121,test,0.0
3318,166,187,68,114,64,119,test,0.0
2273,157,218,80,102,65,111,test,0.0
2098,158,217,79,101,65,110,test,0.0
1836,158,218,79,101,62,110,test,0.0
2069,157,218,79,101,63,111,test,0.0
2331,157,218,79,102,66,111,test,0.0
3018,163,189,69,123,71,141,train,0.0
3775,163,201,70,124,72,138,train,0.0
3513,162,199,68,124,71,140,train,0.0
3950,163,201,70,125,72,139,train,0.0
3135,163,192,68,123,71,139,train,0.0
2364,161,197,68,114,67,125,train,0.0
2743,160,198,70,115,69,124,train,0.0
2597,161,198,68,115,68,124,train,0.0
2394,160,198,68,114,68,125,train,0.0
2801,160,198,69,115,69,125,train,0.0
2188,163,189,71,113,72,137,test,0.0
2421,164,191,70,115,72,138,test,0.0
1955,163,186,70,111,71,140,test,0.0
2654,163,192,72,117,72,139,test,0.0
2276,164,191,71,114,70,139,test,0.0
2817,160,188,69,126,73,147,train,0.0
3195,160,189,71,129,73,149,train,0.0
3049,160,188,72,128,73,148,train,0.0
2845,161,187,70,127,72,148,train,0.0
3253,160,189,71,128,72,147,train,0.0
2462,170,195,69,121,60,127,train,0.0
2374,169,195,67,121,60,125,train,0.0
2345,170,194,67,120,60,125,train,0.0
2666,170,196,70,122,61,127,train,0.0
2025,169,195,66,118,57,124,train,0.0
2631,165,197,68,111,70,121,train,0.0
2224,165,194,66,109,69,123,train,0.0
2486,164,196,67,111,70,120,train,0.0
2282,163,194,68,110,69,123,train,0.0
2020,164,191,67,107,67,122,train,0.0
2324,152,189,74,112,68,130,train,0.0
2354,153,188,73,112,68,129,train,0.0
2470,153,189,74,112,69,127,train,0.0
2761,153,190,75,113,69,128,train,0.0
2644,153,189,75,113,69,129,train,0.0
2013,170,185,66,109,67,130,train,0.0
2479,169,188,67,111,69,129,train,0.0
1983,169,185,66,109,68,131,train,0.0
2362,171,188,67,110,69,130,train,0.0
1751,169,183,64,107,64,131,train,0.0
2606,157,172,66,125,65,135,train,0.0
2430,157,197,65,124,67,135,train,0.0
2168,156,204,67,123,65,135,train,0.0
2402,157,143,66,124,67,134,train,0.0
2664,157,156,67,125,68,135,train,0.0
3281,162,178,71,130,67,151,train,0.0
2874,161,176,71,129,68,148,train,0.0
2903,161,176,71,129,68,150,train,0.0
3427,161,179,71,131,69,151,train,0.0
3165,162,178,70,130,67,151,train,0.0
2546,171,187,67,130,51,122,train,0.0
2226,171,185,68,128,49,119,train,0.0
2109,171,185,67,127,50,120,train,0.0
2401,171,186,69,128,51,119,train,0.0
1993,171,183,65,126,49,119,train,0.0
2073,163,183,68,118,65,125,train,0.0
2102,163,183,69,118,66,125,train,0.0
2306,164,184,69,120,65,125,train,0.0
2219,163,183,69,119,65,124,train,0.0
2160,164,183,70,117,64,125,train,0.0
2012,171,174,66,130,71,136,train,0.0
2040,170,174,65,131,69,137,train,0.0
2244,169,177,66,131,68,136,train,0.0
2157,169,176,66,129,70,136,train,0.0
2099,169,175,65,128,69,137,train,0.0
1858,158,175,69,121,67,134,test,0.0
1888,158,175,70,121,68,134,test,0.0
2004,158,175,70,122,69,135,test,0.0
2295,158,177,71,123,69,134,test,0.0
2179,157,177,70,122,67,136,test,0.0
2184,157,182,70,129,70,136,test,0.0
2417,157,184,70,131,72,136,test,0.0
1951,158,181,69,128,71,136,test,0.0
2650,157,184,71,130,73,135,test,0.0
2272,158,183,70,129,73,137,test,0.0
2453,158,196,63,105,62,120,train,0.0
2045,157,196,62,104,60,122,train,0.0
2308,158,196,62,105,61,121,train,0.0
2104,157,196,62,106,61,122,train,0.0
1842,157,195,61,104,60,121,train,0.0
2287,169,198,66,108,62,119,train,0.0
2170,168,197,66,107,62,118,train,0.0
1908,168,194,65,104,62,117,train,0.0
2636,169,199,68,109,63,119,train,0.0
2811,168,201,67,111,63,120,train,0.0
2568,159,188,69,109,61,116,test,0.0
2597,159,188,70,108,62,115,test,0.0
2801,159,191,71,111,61,116,test,0.0
2713,158,190,70,110,62,117,test,0.0
2655,158,191,69,109,62,116,test,0.0
2709,157,184,69,122,69,137,train,0.0
2360,159,182,66,123,67,135,train,0.0
2214,159,181,67,120,68,134,train,0.0
2739,159,184,67,123,69,135,train,0.0
2098,159,181,66,121,67,134,train,0.0
1730,163,194,68,115,52,126,train,0.0
1963,164,196,68,115,53,127,train,0.0
1497,164,190,67,112,51,124,train,0.0
2166,165,199,69,118,54,126,train,0.0
1817,165,194,69,114,54,126,train,0.0
2598,162,150,65,123,73,124,train,0.0
2831,163,170,67,124,72,124,train,0.0
2365,164,209,64,122,70,121,train,0.0
2889,163,196,66,123,74,122,train,0.0
2685,163,206,64,123,73,123,train,0.0
2245,160,172,72,120,68,155,train,0.0
2071,159,172,72,119,68,155,train,0.0
1809,159,171,71,120,69,152,train,0.0
2041,159,172,71,120,70,155,train,0.0
2304,159,172,73,119,70,154,train,0.0
2765,155,189,69,121,64,137,train,0.0
2299,156,188,67,118,63,136,train,0.0
2620,156,189,69,118,64,137,train,0.0
2358,155,188,67,120,63,137,train,0.0
2096,156,188,68,117,63,137,train,0.0
4187,159,209,71,108,69,141,train,0.0
4391,160,209,72,111,69,142,train,0.0
2643,158,210,70,104,67,135,train,0.0
3954,159,209,72,108,69,140,train,0.0
2789,160,208,70,104,65,135,train,0.0
3047,160,188,69,125,71,152,train,0.0
2581,161,187,69,124,71,154,train,0.0
2902,160,187,70,125,70,155,train,0.0
2639,159,187,69,125,70,152,train,0.0
2377,160,186,70,123,70,154,train,0.0
1892,163,186,70,122,75,136,train,0.0
2386,161,188,72,124,75,137,train,0.0
2329,162,188,70,126,75,134,train,0.0
1921,162,186,71,123,75,134,train,0.0
2124,161,188,71,124,75,136,train,0.0
3069,163,180,72,130,76,136,train,0.0
3156,162,181,72,130,75,136,train,0.0
2225,162,176,71,127,72,137,train,0.0
2487,163,177,71,128,74,136,train,0.0
2981,162,180,71,129,74,136,train,0.0
2913,162,184,73,115,70,168,train,0.0
3059,162,186,73,115,69,168,train,0.0
2942,162,184,74,114,70,168,train,0.0
3292,162,186,74,115,70,167,train,0.0
2680,162,184,72,114,69,168,train,0.0
2488,161,181,70,123,66,144,test,0.0
3245,159,185,72,126,67,145,test,0.0
2982,160,185,71,125,66,143,test,0.0
3420,159,186,72,127,67,145,test,0.0
2605,160,182,71,125,66,144,test,0.0
2310,161,176,70,119,71,145,test,0.0
2339,160,177,69,119,71,145,test,0.0
2543,161,178,70,120,72,146,test,0.0
2455,161,177,71,120,71,147,test,0.0
2398,161,176,70,120,69,148,test,0.0
2461,161,191,74,134,76,122,train,0.0
2694,160,191,75,134,75,121,train,0.0
2228,161,190,72,134,75,121,train,0.0
2927,161,190,72,135,75,122,train,0.0
2548,161,190,73,134,75,122,train,0.0
2661,152,181,68,116,65,150,train,0.0
2544,152,180,69,113,64,151,train,0.0
2282,152,179,67,113,63,150,train,0.0
3010,152,184,69,117,64,150,train,0.0
3184,153,183,68,117,65,150,train,0.0
2426,162,178,69,109,68,143,test,0.0
2455,163,177,70,111,67,144,test,0.0
2572,163,179,71,109,69,141,test,0.0
2864,163,180,71,111,68,141,test,0.0
2747,162,180,71,110,69,141,test,0.0
3240,159,179,71,118,70,143,train,0.0
2891,159,178,70,117,68,143,train,0.0
3125,159,178,72,117,69,144,train,0.0
2950,158,178,71,118,68,145,train,0.0
2688,159,177,71,117,66,144,train,0.0
2714,160,179,65,109,64,136,train,0.0
3472,159,182,67,110,64,137,train,0.0
3210,160,181,67,109,65,136,train,0.0
3646,159,183,67,111,65,137,train,0.0
2831,161,178,66,107,65,136,train,0.0
2395,158,178,72,131,67,161,train,0.0
2627,158,179,73,131,68,161,train,0.0
2161,158,177,70,129,65,159,train,0.0
2831,159,179,73,131,70,161,train,0.0
2482,158,179,72,130,69,159,train,0.0
818,220,225,196,238,158,176,train,1.0
1777,186,163,140,235,160,178,train,1.0
999,231,226,195,237,158,188,train,1.0
697,212,224,198,237,155,164,train,1.0
2089,159,152,131,210,143,169,train,1.0
2152,139,159,128,181,125,159,train,1.0
2183,138,159,128,182,125,156,train,1.0
2308,138,159,128,183,123,158,train,1.0
2588,140,160,129,182,124,156,train,1.0
2557,138,160,128,182,125,156,train,1.0
2527,133,145,125,187,131,158,train,1.0
2557,133,147,124,189,130,159,train,1.0
2682,134,146,126,190,132,160,train,1.0
2995,134,149,125,190,131,159,train,1.0
2870,135,149,125,190,132,157,train,1.0
2651,155,160,141,196,139,161,train,1.0
3181,160,162,143,197,140,162,train,1.0
3119,158,162,142,197,140,162,train,1.0
2682,154,159,142,196,140,160,train,1.0
2900,156,161,142,196,140,161,train,1.0
4274,158,165,132,209,148,157,train,1.0
4367,160,165,134,210,148,158,train,1.0
3368,153,163,131,207,148,156,train,1.0
3649,155,164,132,208,148,156,train,1.0
4179,157,165,134,210,148,158,train,1.0
396,207,232,206,244,158,180,train,1.0
2214,119,177,150,202,133,128,train,1.0
818,228,232,200,241,161,207,train,1.0
275,206,232,207,242,158,169,train,1.0
1122,241,207,181,237,155,221,train,1.0
4367,163,163,139,226,139,173,train,1.0
3119,159,161,137,226,138,170,train,1.0
4647,164,163,139,225,140,172,train,1.0
4304,163,162,138,225,139,172,train,1.0
3306,159,162,137,225,140,170,train,1.0
3306,179,178,145,213,160,157,test,1.0
3119,175,178,143,214,160,155,test,1.0
2838,184,178,146,216,161,161,test,1.0
3088,176,178,143,214,159,156,test,1.0
3368,179,179,144,215,159,157,test,1.0
396,210,230,204,241,160,190,test,1.0
1341,244,194,174,234,163,215,test,1.0
576,219,231,202,241,162,206,test,1.0
275,208,229,204,240,160,179,test,1.0
1652,129,179,127,220,151,119,test,1.0
3774,152,176,146,209,146,145,train,1.0
4179,156,176,146,211,147,146,train,1.0
3743,152,175,147,208,148,144,train,1.0
4274,155,176,147,210,147,147,train,1.0
3681,151,175,146,209,146,146,train,1.0
3961,160,162,141,203,141,163,train,1.0
4960,163,163,141,199,140,160,train,1.0
5022,162,163,143,199,141,160,train,1.0
4929,161,163,142,198,140,159,train,1.0
4086,160,162,142,199,139,160,train,1.0
3244,131,177,140,209,135,135,test,1.0
2807,128,175,141,208,134,136,test,1.0
3088,130,176,142,208,136,135,test,1.0
2870,130,175,142,209,134,135,test,1.0
2588,127,174,141,207,134,133,test,1.0
3056,164,166,146,206,141,134,train,1.0
3431,168,168,147,208,143,137,train,1.0
3025,163,166,146,206,141,135,train,1.0
3556,168,167,147,209,143,138,train,1.0
2963,163,165,146,206,140,134,train,1.0
2183,148,166,148,228,146,172,train,1.0
2339,153,167,148,228,146,172,train,1.0
2527,154,168,149,228,144,173,train,1.0
2214,151,166,149,230,146,172,train,1.0
2433,154,168,149,227,146,172,train,1.0
1809,235,211,184,236,158,213,train,1.0
1122,224,228,192,235,155,180,train,1.0
2651,141,170,144,215,141,144,train,1.0
1247,229,228,191,235,156,202,train,1.0
2838,147,171,144,218,143,147,train,1.0
425,209,223,195,242,154,186,train,1.0
1372,226,223,183,230,159,210,train,1.0
607,209,223,194,242,153,188,train,1.0
305,208,225,193,242,154,187,train,1.0
1684,244,197,170,234,158,224,train,1.0
2870,142,159,119,181,131,187,train,1.0
2527,140,158,118,179,129,186,train,1.0
2402,136,156,117,177,129,185,train,1.0
2713,141,159,119,180,131,187,train,1.0
2277,134,156,116,175,128,184,train,1.0
2089,135,168,109,154,108,189,train,1.0
2152,136,167,110,156,110,190,train,1.0
1809,134,166,108,154,109,190,train,1.0
2214,136,168,110,155,110,189,train,1.0
1965,135,168,110,156,109,190,train,1.0
2527,164,175,124,180,135,185,train,1.0
2588,165,176,126,181,136,185,train,1.0
2245,160,173,124,179,135,184,train,1.0
2651,165,176,125,181,136,184,train,1.0
2402,163,175,124,180,134,184,train,1.0
2464,135,155,114,176,138,185,train,1.0
2120,130,153,112,174,137,184,train,1.0
1965,126,150,111,171,136,183,train,1.0
2495,134,156,113,177,137,186,train,1.0
1840,122,146,110,169,135,180,train,1.0
2870,138,161,111,165,114,193,train,1.0
2464,135,158,109,162,113,193,train,1.0
2807,137,161,110,164,114,193,train,1.0
2713,136,159,110,163,113,192,train,1.0
2527,134,159,110,161,113,192,train,1.0
3150,147,166,118,173,123,180,train,1.0
3400,150,166,118,174,123,181,train,1.0
2900,145,165,118,171,122,180,train,1.0
3649,151,166,120,176,125,182,train,1.0
3244,149,166,120,174,123,181,train,1.0
1497,158,171,119,186,138,185,test,1.0
1902,152,168,124,190,138,191,test,1.0
1466,171,175,120,191,141,189,test,1.0
1996,152,168,124,191,138,190,test,1.0
1403,226,185,131,209,152,208,test,1.0
3579,163,169,128,181,125,205,test,1.0
3454,159,168,128,181,123,203,test,1.0
3174,156,168,128,180,124,200,test,1.0
3954,166,170,128,183,126,207,test,1.0
4142,166,171,128,183,126,207,test,1.0
999,236,223,180,231,158,217,train,1.0
1996,156,173,124,189,136,193,train,1.0
2058,149,173,124,187,132,191,train,1.0
1965,157,174,126,189,138,194,train,1.0
1122,242,209,170,233,157,220,train,1.0
2402,134,154,118,176,138,184,train,1.0
2214,131,152,118,176,137,184,train,1.0
1934,125,149,115,172,137,180,train,1.0
2183,130,152,117,176,136,185,train,1.0
2464,134,155,118,178,138,185,train,1.0
1216,213,228,200,238,161,178,test,1.0
305,207,228,203,242,153,185,test,1.0
968,209,227,202,239,157,169,test,1.0
1247,213,228,201,237,160,186,test,1.0
847,208,227,201,240,156,175,test,1.0
2557,129,168,106,151,114,189,train,1.0
2464,125,167,106,150,113,189,train,1.0
2433,125,166,104,149,113,188,train,1.0
2776,132,171,107,154,114,191,train,1.0
2089,118,162,100,145,110,186,train,1.0
3543,136,163,107,163,115,186,train,1.0
3448,136,163,105,163,114,186,train,1.0
3418,134,164,106,164,114,187,train,1.0
3761,137,165,106,165,114,188,train,1.0
3075,132,163,105,161,114,184,train,1.0
2807,126,160,109,164,120,175,train,1.0
2433,115,155,104,160,116,173,train,1.0
2277,114,153,104,159,113,172,train,1.0
2838,128,160,110,165,120,175,train,1.0
2152,113,152,104,159,114,173,train,1.0
4086,128,145,116,178,144,189,train,1.0
3743,127,146,116,178,144,190,train,1.0
3618,127,144,114,177,144,190,train,1.0
3931,128,145,116,179,144,189,train,1.0
3493,125,142,115,176,143,188,train,1.0
2932,124,145,116,181,136,187,train,1.0
3463,127,146,116,182,137,188,train,1.0
3400,126,146,117,182,137,187,train,1.0
2963,125,145,116,181,136,189,train,1.0
3181,126,146,116,183,137,189,train,1.0
2963,131,152,120,167,128,194,train,1.0
2620,132,149,120,165,128,193,train,1.0
2495,130,148,120,164,127,192,train,1.0
2807,132,150,121,166,129,193,train,1.0
2370,129,147,118,163,125,191,train,1.0
2418,118,157,109,166,100,189,train,1.0
2668,123,159,111,168,103,190,train,1.0
2174,113,151,108,159,98,188,train,1.0
2731,123,160,111,169,102,191,train,1.0
2511,121,158,111,166,102,190,train,1.0
847,216,225,189,228,159,204,train,1.0
1809,177,158,110,154,118,208,train,1.0
1029,229,221,186,230,157,218,train,1.0
727,209,223,190,230,156,195,train,1.0
2115,143,151,104,149,96,194,train,1.0
2199,142,147,101,140,115,196,train,1.0
2698,149,151,104,145,119,198,train,1.0
2167,143,146,100,141,114,197,train,1.0
2573,149,149,102,144,118,197,train,1.0
1924,138,144,95,133,109,194,train,1.0
2464,120,139,116,179,139,190,train,1.0
1029,202,224,189,232,155,216,train,1.0
2588,123,141,117,181,138,192,train,1.0
2620,124,140,116,182,139,192,train,1.0
365,195,216,192,235,150,175,train,1.0
3431,115,139,114,179,138,187,test,1.0
3836,117,141,113,179,140,188,test,1.0
3400,114,139,112,178,140,187,test,1.0
3931,119,140,115,180,140,187,test,1.0
3338,112,139,113,177,139,186,test,1.0
3045,152,156,114,165,103,189,test,1.0
2702,152,155,113,163,104,188,test,1.0
2577,151,154,112,164,103,188,test,1.0
2889,152,154,114,163,105,187,test,1.0
2452,148,152,111,163,101,188,test,1.0
1559,239,206,172,231,161,230,train,1.0
999,211,222,189,233,153,209,train,1.0
2027,173,155,123,187,147,196,train,1.0
3056,149,151,123,186,144,197,train,1.0
335,196,213,192,236,150,164,train,1.0
2183,150,153,112,164,119,193,train,1.0
2214,151,153,112,163,118,192,train,1.0
2339,150,153,112,163,119,191,train,1.0
2620,147,154,112,163,119,191,train,1.0
2588,148,153,112,163,118,191,train,1.0
818,215,223,191,233,158,215,test,1.0
968,228,220,186,234,156,224,test,1.0
1840,149,155,115,194,146,174,test,1.0
1216,240,216,177,235,155,225,test,1.0
1403,242,196,163,228,162,229,test,1.0
1777,241,203,165,240,168,218,train,1.0
1091,217,225,196,233,163,197,train,1.0
2620,117,147,119,175,124,182,train,1.0
1216,207,223,194,233,163,202,train,1.0
2776,117,149,115,176,124,184,train,1.0
2414,142,162,121,168,98,189,train,1.0
2661,148,163,123,169,101,190,train,1.0
2172,136,157,118,166,95,185,train,1.0
2879,151,166,123,171,101,192,train,1.0
2505,145,162,121,169,99,189,train,1.0
2588,135,149,126,185,146,192,train,1.0
2838,140,152,128,187,147,193,train,1.0
2339,131,146,125,183,145,187,train,1.0
3088,140,152,127,188,148,193,train,1.0
2682,138,151,126,187,147,193,train,1.0
2951,106,194,159,147,91,127,train,2.0
2588,106,193,161,147,91,127,train,2.0
2830,106,194,158,148,89,128,train,2.0
2649,107,193,160,146,89,128,train,2.0
2377,105,193,160,147,90,128,train,2.0
2951,116,216,157,113,64,126,train,2.0
2529,116,216,159,113,62,125,train,2.0
2800,118,216,158,114,64,125,train,2.0
2588,116,216,157,114,63,125,train,2.0
2317,115,214,159,113,62,124,train,2.0
1920,134,215,179,115,69,136,train,2.0
1950,134,215,179,117,69,134,train,2.0
2071,135,215,179,116,70,132,train,2.0
2372,133,216,180,117,73,132,train,2.0
2251,135,215,180,117,71,134,train,2.0
3299,102,182,147,130,71,123,train,2.0
3389,101,183,147,130,71,123,train,2.0
2427,100,179,144,127,72,121,train,2.0
2697,101,181,145,128,69,123,train,2.0
3209,101,182,146,129,71,122,train,2.0
2948,132,206,139,124,74,137,train,2.0
3038,134,207,139,126,74,138,train,2.0
2073,132,206,139,123,72,144,train,2.0
2344,132,208,139,123,73,142,train,2.0
2856,132,208,139,126,74,139,train,2.0
2650,113,219,160,131,74,119,train,2.0
2530,113,220,161,130,74,119,train,2.0
2257,113,219,160,130,73,119,train,2.0
3012,114,219,162,131,74,119,train,2.0
3193,114,220,160,131,75,120,train,2.0
2774,102,172,146,154,63,122,train,2.0
2110,100,167,145,151,62,123,train,2.0
2502,101,170,145,153,63,123,train,2.0
2623,103,171,146,153,64,122,train,2.0
2201,100,168,144,152,62,123,train,2.0
2561,96,194,151,142,82,125,test,2.0
2589,97,195,151,142,82,125,test,2.0
2706,96,195,150,143,83,124,test,2.0
2998,98,196,151,142,83,125,test,2.0
2881,97,197,151,143,82,126,test,2.0
2131,105,215,162,113,59,130,test,2.0
2161,105,215,162,114,59,129,test,2.0
2282,106,215,161,113,59,129,test,2.0
2553,107,215,161,115,60,129,test,2.0
2523,107,215,160,114,59,130,test,2.0
2137,113,202,152,117,64,127,train,2.0
2166,113,202,152,116,64,126,train,2.0
2287,113,204,152,117,66,126,train,2.0
2558,112,204,151,119,67,127,train,2.0
2529,112,203,151,118,64,126,train,2.0
2306,137,207,143,110,62,137,train,2.0
2124,137,206,144,110,63,135,train,2.0
1853,136,205,144,108,63,136,train,2.0
2095,136,206,143,111,63,136,train,2.0
2366,137,207,144,112,63,135,train,2.0
1954,112,212,153,132,58,119,test,2.0
1984,113,212,153,131,58,119,test,2.0
2196,113,213,152,134,58,120,test,2.0
2105,113,212,152,133,57,121,test,2.0
2044,113,212,153,132,58,120,test,2.0
1912,102,202,174,136,85,126,train,2.0
1943,102,202,174,136,85,125,train,2.0
2064,102,202,175,135,86,125,train,2.0
2365,103,203,175,136,87,124,train,2.0
2244,102,203,175,136,87,126,train,2.0
2164,140,212,166,113,70,133,train,2.0
2195,141,211,166,116,69,133,train,2.0
2406,142,212,166,115,71,133,train,2.0
2315,141,212,166,114,71,132,train,2.0
2254,140,213,165,114,71,133,train,2.0
3249,121,216,156,119,71,129,train,2.0
2827,121,215,155,119,72,128,train,2.0
2856,121,216,155,118,72,128,train,2.0
3369,121,217,155,120,72,129,train,2.0
3129,121,216,155,120,71,128,train,2.0
2412,143,220,157,117,78,133,train,2.0
2563,145,218,158,118,76,133,train,2.0
2442,144,218,158,117,77,134,train,2.0
2804,144,220,157,118,78,132,train,2.0
2170,144,218,157,116,77,132,train,2.0
2045,158,202,155,123,81,125,train,2.0
2438,157,203,156,124,84,126,train,2.0
2287,157,203,155,124,82,127,train,2.0
2076,157,202,157,123,81,125,train,2.0
2498,159,203,156,123,84,128,train,2.0
2230,140,202,133,114,73,139,train,2.0
2712,139,206,134,115,74,137,train,2.0
2200,140,202,134,112,73,139,train,2.0
2592,141,203,134,114,76,138,train,2.0
1958,140,200,132,113,71,139,train,2.0
1768,141,216,144,120,79,120,train,2.0
1799,141,216,145,119,80,119,train,2.0
1918,141,216,144,121,79,121,train,2.0
2221,141,216,144,122,78,121,train,2.0
2100,141,217,144,121,80,120,train,2.0
3145,157,220,135,125,84,135,train,2.0
2753,157,220,133,126,82,134,train,2.0
2783,156,220,134,125,83,134,train,2.0
3115,157,220,134,126,84,134,train,2.0
3054,157,220,133,126,83,135,train,2.0
3467,121,208,148,145,91,132,train,2.0
3075,119,208,148,145,92,133,train,2.0
3104,119,208,150,144,91,134,train,2.0
3436,121,209,149,144,92,133,train,2.0
3376,121,209,149,144,92,134,train,2.0
3168,132,203,133,129,88,126,train,2.0
2806,132,203,133,128,87,125,train,2.0
3047,131,204,134,128,89,125,train,2.0
2867,132,203,132,128,86,125,train,2.0
2595,131,203,132,128,87,124,train,2.0
2318,143,207,140,134,90,128,test,2.0
1927,142,206,141,130,89,127,test,2.0
2257,144,206,142,133,90,128,test,2.0
2167,144,206,141,131,90,128,test,2.0
1986,143,206,141,131,89,128,test,2.0
2461,146,216,143,125,76,128,test,2.0
2099,146,215,142,123,75,128,test,2.0
2340,146,215,142,123,76,129,test,2.0
2159,146,216,142,122,76,128,test,2.0
1888,145,215,142,121,76,127,test,2.0
2231,136,198,129,121,78,127,train,2.0
2262,135,197,129,121,78,128,train,2.0
2472,134,198,130,121,80,128,train,2.0
2381,134,199,130,121,79,126,train,2.0
2321,135,199,129,122,77,127,train,2.0
2161,121,189,125,114,70,134,train,2.0
2312,120,190,124,115,71,133,train,2.0
2191,122,189,125,113,71,133,train,2.0
2553,122,191,125,116,73,131,train,2.0
1920,119,185,123,114,70,133,train,2.0
2140,117,200,132,125,80,123,test,2.0
2652,118,202,134,125,82,125,test,2.0
2592,117,202,133,127,81,125,test,2.0
2169,115,200,133,124,80,124,test,2.0
2380,117,201,134,126,79,126,test,2.0
2082,132,209,138,132,83,121,train,2.0
2323,133,210,140,131,82,122,train,2.0
1841,130,209,139,129,83,119,train,2.0
2535,131,211,140,131,83,120,train,2.0
2172,132,209,140,131,84,120,train,2.0
2891,117,205,143,128,73,142,train,2.0
2530,116,203,145,127,73,143,train,2.0
2770,118,204,145,128,73,143,train,2.0
2589,117,204,145,127,73,141,train,2.0
2318,116,202,146,126,73,142,train,2.0
2070,156,219,139,136,85,131,train,2.0
2311,156,219,140,137,85,131,train,2.0
1828,156,217,140,135,84,130,train,2.0
2552,157,218,141,137,87,132,train,2.0
2160,156,218,141,135,85,131,train,2.0
2163,118,210,184,138,85,136,train,2.0
2676,119,212,184,136,85,135,train,2.0
2616,117,211,184,138,85,136,train,2.0
2194,119,210,184,139,84,136,train,2.0
2405,117,210,184,138,86,135,train,2.0
1853,103,202,166,136,94,131,train,2.0
2095,105,203,166,135,93,130,train,2.0
1612,103,200,166,134,93,130,train,2.0
2306,106,203,165,135,93,132,train,2.0
1944,105,202,166,135,94,131,train,2.0
2618,105,206,162,132,76,123,train,2.0
3100,106,207,163,134,78,124,train,2.0
2587,103,206,162,132,76,124,train,2.0
2979,106,206,164,132,77,124,train,2.0
2347,102,203,161,130,75,123,train,2.0
2583,161,203,180,122,60,117,train,2.0
2704,161,203,179,123,59,118,train,2.0
2946,160,203,179,123,60,119,train,2.0
2915,161,203,180,123,59,119,train,2.0
2372,161,203,179,121,59,118,train,2.0
1923,105,182,151,136,61,123,train,2.0
2074,105,185,151,138,62,123,train,2.0
1953,105,182,151,137,62,123,train,2.0
2315,105,186,151,139,62,124,train,2.0
1682,106,179,153,133,60,123,train,2.0
2015,111,209,166,133,62,127,train,2.0
2528,113,209,166,134,64,126,train,2.0
2467,112,210,167,134,63,126,train,2.0
2044,111,209,166,133,62,126,train,2.0
2255,111,209,167,133,64,128,train,2.0
2193,126,173,161,123,72,126,train,2.0
2223,125,174,161,123,71,124,train,2.0
2434,126,175,161,124,71,125,train,2.0
2343,126,174,161,123,73,125,train,2.0
2283,126,174,161,122,72,125,train,2.0
1942,169,183,147,120,55,128,test,2.0
2454,169,186,150,123,57,126,test,2.0
2395,169,186,150,121,57,125,test,2.0
1972,168,183,147,120,55,129,test,2.0
2183,168,184,148,122,56,128,test,2.0
1697,145,212,170,144,60,126,test,2.0
1818,144,212,170,145,62,126,test,2.0
2060,144,212,171,145,62,125,test,2.0
2029,143,212,170,146,61,127,test,2.0
1486,146,209,169,142,59,125,test,2.0
3451,108,215,148,151,96,129,train,2.0
3030,106,215,149,151,95,129,train,2.0
3301,108,216,148,152,95,130,train,2.0
3090,107,216,148,151,96,129,train,2.0
2819,105,214,148,150,95,128,train,2.0
3752,108,212,176,165,71,134,train,2.0
3360,107,211,176,164,71,132,train,2.0
3391,107,213,176,164,71,132,train,2.0
3722,108,212,177,164,71,133,train,2.0
3662,108,212,176,164,71,133,train,2.0
2404,99,205,145,150,93,128,test,2.0
2433,100,205,144,150,94,128,test,2.0
2641,100,206,144,150,94,128,test,2.0
2551,100,206,145,148,94,127,test,2.0
2492,99,205,146,150,94,128,test,2.0
2670,114,204,175,119,71,137,train,2.0
2247,111,202,173,117,70,139,train,2.0
2519,113,204,174,119,72,138,train,2.0
2308,112,203,174,116,71,137,train,2.0
2036,112,198,170,116,69,141,train,2.0
3083,109,207,149,139,84,130,train,2.0
2720,108,201,147,139,86,129,train,2.0
2570,108,201,147,139,85,129,train,2.0
3112,109,207,149,139,85,130,train,2.0
2449,107,200,148,137,88,128,train,2.0
2329,95,182,122,134,81,133,train,2.0
2795,99,185,124,136,83,133,train,2.0
2299,94,183,122,134,81,132,train,2.0
2678,97,185,122,135,82,132,train,2.0
2067,92,181,122,131,81,132,train,2.0
2521,231,132,77,118,78,233,train,3.0
2871,231,134,77,120,77,233,train,3.0
2492,231,131,77,117,77,234,train,3.0
2987,231,135,77,121,77,234,train,3.0
2434,231,131,76,118,75,236,train,3.0
2513,234,130,73,119,69,230,train,3.0
2543,234,128,74,117,69,230,train,3.0
2747,233,131,74,117,70,229,train,3.0
2660,233,130,75,117,70,228,train,3.0
2601,234,130,74,117,70,229,train,3.0
3087,233,109,76,110,75,227,train,3.0
3436,234,109,76,112,76,227,train,3.0
3058,234,108,74,111,75,228,train,3.0
3553,233,111,76,113,74,227,train,3.0
3000,234,108,76,110,75,227,train,3.0
3097,235,150,86,148,81,245,train,3.0
3476,235,151,87,149,82,244,train,3.0
3068,235,148,86,148,81,244,train,3.0
3563,235,151,87,149,82,244,train,3.0
3010,235,148,87,148,81,244,train,3.0
1938,226,128,71,109,70,227,train,3.0
1967,227,128,72,108,68,227,train,3.0
2170,227,129,75,108,71,227,train,3.0
2083,227,128,73,109,71,227,train,3.0
2025,227,128,72,110,69,228,train,3.0
1607,227,134,72,111,69,236,train,3.0
1840,226,136,73,112,72,235,train,3.0
1374,227,132,72,108,68,236,train,3.0
2073,227,136,74,113,72,236,train,3.0
1694,227,135,73,111,70,236,train,3.0
2044,236,130,75,111,65,232,train,3.0
2540,237,130,75,113,67,233,train,3.0
2482,236,131,75,113,68,232,train,3.0
2074,236,129,75,111,67,231,train,3.0
2278,236,130,75,112,65,233,train,3.0
2598,242,134,78,128,79,233,test,3.0
2685,241,135,77,130,78,234,test,3.0
1754,242,130,78,128,75,235,test,3.0
2016,242,130,77,128,76,234,test,3.0
2510,242,134,77,130,78,234,test,3.0
2563,235,137,75,120,83,240,test,3.0
2387,235,136,76,118,84,241,test,3.0
2126,234,133,76,116,82,242,test,3.0
2359,235,134,76,118,83,240,test,3.0
2621,234,137,76,119,85,241,test,3.0
2772,232,132,76,122,78,228,train,3.0
2423,232,131,76,121,76,228,train,3.0
2656,233,130,77,123,76,229,train,3.0
2482,232,131,75,122,76,228,train,3.0
2220,232,130,76,122,75,229,train,3.0
1830,233,134,77,122,72,237,train,3.0
1976,232,136,78,122,74,234,train,3.0
2151,234,135,79,123,74,236,train,3.0
1860,232,135,77,122,73,234,train,3.0
2064,233,136,78,123,72,236,train,3.0
2357,227,132,75,117,78,235,test,3.0
2851,226,134,73,120,78,233,test,3.0
2794,226,134,75,119,79,233,test,3.0
2385,226,132,74,117,76,234,test,3.0
2589,227,133,73,118,77,235,test,3.0
3328,231,138,78,130,81,245,train,3.0
2949,231,137,77,129,80,244,train,3.0
2977,231,138,77,128,79,244,train,3.0
3298,230,139,78,131,80,244,train,3.0
3239,231,138,77,129,80,243,train,3.0
2345,230,127,76,116,71,238,train,3.0
2491,230,128,76,119,70,240,train,3.0
2666,231,131,77,119,72,239,train,3.0
2374,230,129,75,117,70,239,train,3.0
2578,231,128,77,118,71,239,train,3.0
1976,232,126,73,113,76,227,train,3.0
2471,233,129,74,115,76,228,train,3.0
2413,232,128,73,115,77,227,train,3.0
2006,232,126,74,113,76,228,train,3.0
2209,233,128,75,114,76,228,train,3.0
2245,229,128,72,113,80,235,train,3.0
2391,230,129,72,112,79,234,train,3.0
2275,229,128,71,115,78,236,train,3.0
2624,230,129,73,112,81,235,train,3.0
2013,229,127,71,112,78,235,train,3.0
3525,233,140,76,117,91,235,train,3.0
2884,233,137,76,115,90,236,train,3.0
3263,234,138,77,116,92,235,train,3.0
3379,233,137,76,117,90,236,train,3.0
2971,234,136,76,114,90,236,train,3.0
4145,238,152,79,113,94,231,train,3.0
5105,238,153,80,115,93,232,train,3.0
2630,237,150,76,107,89,235,train,3.0
3824,238,152,78,112,92,233,train,3.0
3271,238,151,76,111,89,235,train,3.0
2784,241,133,81,114,73,234,train,3.0
2900,242,132,83,111,75,233,train,3.0
3134,242,133,84,113,75,233,train,3.0
3104,243,133,83,113,74,235,train,3.0
2580,241,132,81,113,73,236,train,3.0
2493,230,142,74,106,90,234,train,3.0
2085,230,139,72,106,86,236,train,3.0
2348,230,140,74,107,88,235,train,3.0
2144,230,139,74,107,87,236,train,3.0
1882,230,137,72,105,85,236,train,3.0
3451,230,129,71,113,85,235,train,3.0
3044,229,129,69,112,82,235,train,3.0
3306,229,130,70,112,84,235,train,3.0
3102,229,129,70,113,83,236,train,3.0
2840,229,128,70,111,83,236,train,3.0
1823,229,136,74,117,85,231,train,3.0
1852,229,136,75,118,85,230,train,3.0
2056,228,137,75,118,86,230,train,3.0
1969,228,136,76,116,87,229,train,3.0
1910,228,135,76,116,86,231,train,3.0
2099,226,139,78,115,92,235,test,3.0
2157,227,139,79,116,92,235,test,3.0
1837,228,138,77,115,89,236,test,3.0
2186,227,138,78,115,92,234,test,3.0
1982,227,138,79,115,91,234,test,3.0
2801,238,129,73,105,78,233,test,3.0
2917,237,130,73,107,77,233,test,3.0
3150,238,131,73,107,78,233,test,3.0
3121,237,131,73,107,79,232,test,3.0
2597,237,128,73,103,77,234,test,3.0
1928,233,136,74,103,77,234,train,3.0
2073,232,138,74,104,79,233,train,3.0
2247,232,138,76,105,81,233,train,3.0
1956,232,136,74,102,79,234,train,3.0
2160,233,138,75,105,78,234,train,3.0
2116,232,131,76,109,76,236,train,3.0
2174,233,132,77,109,76,235,train,3.0
1854,232,131,77,109,76,235,train,3.0
2204,232,133,77,110,77,235,train,3.0
2000,233,131,76,111,74,236,train,3.0
2167,236,127,73,104,77,236,test,3.0
2197,235,127,72,105,77,237,test,3.0
2313,236,127,73,105,77,238,test,3.0
2605,236,128,75,106,80,236,test,3.0
2488,235,128,72,106,77,237,test,3.0
2098,229,141,74,115,89,235,train,3.0
2477,229,144,75,115,93,233,train,3.0
2331,230,144,75,116,91,234,train,3.0
2127,230,143,74,115,90,235,train,3.0
2535,229,144,73,115,92,234,train,3.0
2949,234,140,77,110,93,236,train,3.0
2862,233,141,77,111,94,235,train,3.0
2832,233,140,78,110,93,235,train,3.0
3152,234,142,77,111,95,236,train,3.0
2511,234,138,77,108,93,236,train,3.0
2859,234,135,80,129,98,234,train,3.0
3208,234,136,79,130,98,233,train,3.0
2829,233,135,79,130,96,234,train,3.0
3324,234,137,79,131,98,234,train,3.0
2770,233,136,80,129,97,233,train,3.0
2214,233,169,116,174,140,239,train,3.0
2370,234,169,117,174,140,238,train,3.0
2245,234,169,117,175,139,239,train,3.0
2620,234,171,117,176,139,238,train,3.0
1965,233,165,116,175,138,240,train,3.0
2152,232,184,114,173,137,239,train,3.0
2183,232,184,115,174,138,240,train,3.0
2402,232,185,116,175,137,239,train,3.0
2308,231,185,115,175,138,238,train,3.0
2245,232,185,115,174,137,240,train,3.0
2588,230,173,111,169,133,237,train,3.0
2620,230,174,111,171,133,238,train,3.0
2745,230,173,111,170,134,236,train,3.0
3056,229,174,111,171,134,236,train,3.0
2932,228,175,112,172,134,237,train,3.0
2433,235,169,117,180,132,232,train,3.0
2089,236,168,116,178,131,232,train,3.0
1965,237,168,117,177,131,232,train,3.0
2277,236,171,116,180,132,232,train,3.0
1840,237,167,116,178,130,233,train,3.0
2058,235,171,110,165,131,238,train,3.0
2464,233,174,112,166,134,236,train,3.0
2027,234,170,111,163,131,238,train,3.0
2557,233,174,111,167,133,237,train,3.0
1965,234,170,110,163,131,238,train,3.0
1934,241,175,111,169,131,241,train,3.0
2745,241,183,115,177,133,240,train,3.0
2464,242,181,113,175,133,241,train,3.0
2932,242,183,115,178,133,240,train,3.0
2058,241,177,112,172,131,241,train,3.0
2963,244,181,127,208,129,225,train,3.0
2588,244,179,125,205,128,225,train,3.0
2838,244,180,127,207,129,225,train,3.0
2651,243,179,126,205,129,224,train,3.0
2370,243,178,124,206,127,222,train,3.0
2713,243,171,117,166,118,241,test,3.0
3244,242,174,116,168,120,241,test,3.0
3181,242,175,117,168,117,240,test,3.0
2745,242,172,116,167,119,241,test,3.0
2963,242,174,116,167,119,241,test,3.0
2152,236,185,123,185,142,235,test,3.0
2183,235,185,124,186,141,234,test,3.0
2308,236,185,122,187,141,235,test,3.0
2620,236,187,123,187,143,234,test,3.0
2495,235,186,123,187,142,234,test,3.0
2495,244,189,131,186,145,240,train,3.0
2527,244,189,131,185,144,241,train,3.0
2651,244,190,131,185,144,242,train,3.0
2932,244,192,131,188,145,242,train,3.0
2900,244,190,132,186,146,241,train,3.0
2588,227,181,112,172,133,238,train,3.0
2838,228,182,113,173,133,239,train,3.0
2339,226,180,111,171,131,238,train,3.0
2900,227,182,113,173,134,238,train,3.0
2682,228,183,113,173,132,239,train,3.0
2339,242,175,124,193,140,237,test,3.0
2370,241,176,125,192,141,235,test,3.0
2588,242,176,125,194,142,236,test,3.0
2495,241,176,126,194,142,236,test,3.0
2433,242,176,125,193,142,234,test,3.0
2682,224,192,124,176,144,237,train,3.0
2495,222,192,123,174,144,237,train,3.0
2214,221,190,123,174,143,237,train,3.0
2464,222,191,126,173,144,236,train,3.0
2745,224,192,125,175,145,237,train,3.0
2120,238,179,115,172,141,240,train,3.0
2152,236,179,115,172,141,240,train,3.0
2370,237,180,116,173,141,240,train,3.0
2277,238,180,115,172,140,240,train,3.0
2214,237,179,115,172,141,241,train,3.0
4117,222,190,123,180,148,243,train,3.0
3993,222,189,122,179,149,243,train,3.0
2214,231,178,121,171,115,241,train,3.0
3556,224,188,123,179,146,242,train,3.0
2370,229,182,121,173,123,243,train,3.0
3141,96,132,95,131,56,115,train,4.0
2804,98,132,94,129,58,118,train,4.0
3028,97,131,95,129,58,116,train,4.0
2861,97,132,95,129,58,117,train,4.0
2608,97,131,94,129,57,115,train,4.0
1827,99,146,99,140,68,128,train,4.0
2061,101,149,101,141,69,128,train,4.0
1602,97,145,98,136,66,128,train,4.0
2271,102,150,102,142,69,127,train,4.0
1912,101,147,100,140,68,129,train,4.0
1810,97,140,97,135,66,114,train,4.0
1950,99,141,99,135,67,114,train,4.0
1838,97,139,98,136,67,115,train,4.0
2179,98,141,99,136,67,115,train,4.0
1585,95,136,96,134,66,113,train,4.0
2052,110,132,95,132,62,120,train,4.0
2198,107,133,94,132,63,118,train,4.0
2926,110,136,96,134,65,121,train,4.0
2430,106,134,95,132,64,118,train,4.0
3042,109,135,96,134,65,122,train,4.0
1843,116,147,94,140,66,130,train,4.0
1872,116,147,95,139,65,128,train,4.0
2076,118,147,95,140,66,128,train,4.0
1988,117,148,95,140,66,128,train,4.0
1931,117,148,94,139,67,129,train,4.0
2092,114,144,95,127,66,115,train,4.0
2150,113,144,96,128,65,116,train,4.0
1829,113,143,96,126,64,116,train,4.0
2179,113,144,94,128,65,116,train,4.0
1975,113,143,95,129,64,116,train,4.0
1677,103,149,101,137,65,130,train,4.0
2157,108,154,103,140,68,129,train,4.0
1647,103,149,99,138,65,129,train,4.0
2036,107,154,102,139,68,130,train,4.0
1415,103,147,99,134,64,130,train,4.0
1913,99,157,105,140,67,132,test,4.0
2154,101,159,106,142,68,131,test,4.0
1681,97,155,105,137,65,131,test,4.0
2396,101,160,105,142,69,129,test,4.0
2003,100,158,104,142,68,130,test,4.0
2866,102,141,108,145,67,139,test,4.0
3227,104,143,108,147,70,136,test,4.0
2835,103,140,107,145,67,138,test,4.0
3348,103,143,109,146,69,137,test,4.0
2775,102,141,108,144,69,138,test,4.0
3535,132,143,97,138,78,138,train,4.0
3709,133,144,97,139,78,137,train,4.0
2079,129,141,95,135,75,135,train,4.0
3739,133,146,97,139,78,137,train,4.0
2225,128,141,96,137,77,136,train,4.0
2491,115,149,99,139,65,126,train,4.0
2313,115,148,100,139,64,128,train,4.0
2051,114,147,99,137,64,128,train,4.0
2284,115,148,99,139,64,127,train,4.0
2549,115,149,100,138,64,126,train,4.0
3006,100,149,97,133,65,125,test,4.0
2365,100,148,97,132,64,128,test,4.0
2744,103,149,98,134,65,128,test,4.0
2861,101,150,98,134,66,125,test,4.0
2452,102,149,96,133,63,129,test,4.0
2851,110,147,94,135,86,124,train,4.0
3726,112,149,94,137,85,125,train,4.0
3696,111,148,93,138,85,123,train,4.0
2648,108,147,94,135,85,125,train,4.0
3579,110,149,95,137,86,124,train,4.0
2374,105,145,102,143,68,124,train,4.0
2435,105,144,103,142,67,125,train,4.0
2103,105,143,103,141,67,125,train,4.0
2495,105,145,102,143,66,124,train,4.0
2253,104,144,103,141,68,125,train,4.0
2077,107,143,95,135,63,128,train,4.0
2106,108,143,95,134,63,127,train,4.0
2223,109,142,96,135,64,128,train,4.0
2513,109,144,96,135,64,127,train,4.0
2398,109,143,96,136,63,128,train,4.0
3054,119,174,115,147,93,143,train,4.0
2663,118,174,114,147,93,143,train,4.0
2693,118,174,115,146,92,142,train,4.0
3024,119,174,115,147,93,143,train,4.0
2964,121,173,116,146,93,142,train,4.0
3089,99,174,116,147,96,185,train,4.0
3177,99,172,117,147,95,186,train,4.0
2238,95,166,114,142,90,189,train,4.0
2500,97,169,115,145,92,189,train,4.0
3000,100,172,116,147,94,186,train,4.0
2581,96,159,112,137,80,153,train,4.0
2465,95,159,112,136,79,152,train,4.0
2203,93,157,110,134,78,151,train,4.0
2931,96,162,113,140,81,155,train,4.0
3105,97,162,113,138,82,153,train,4.0
2886,93,147,105,137,91,145,train,4.0
2799,94,146,106,137,90,144,train,4.0
2769,94,147,106,137,91,144,train,4.0
3090,94,147,106,137,92,144,train,4.0
2449,91,142,104,134,88,144,train,4.0
1743,162,161,115,140,84,132,train,4.0
1984,162,162,115,142,86,133,train,4.0
1502,162,159,114,139,83,130,train,4.0
2196,162,163,116,141,86,132,train,4.0
1833,161,162,116,141,86,134,train,4.0
2277,101,154,115,145,95,153,train,4.0
1916,99,152,113,141,94,151,train,4.0
1771,97,150,111,140,91,151,train,4.0
2307,101,155,114,145,95,154,train,4.0
1654,97,149,110,137,89,149,train,4.0
2280,93,150,104,136,89,153,train,4.0
3037,95,154,107,141,92,153,train,4.0
2775,95,153,107,139,91,152,train,4.0
3212,94,155,109,140,91,154,train,4.0
2397,93,151,105,138,88,153,train,4.0
2699,109,154,113,138,86,141,test,4.0
2609,107,154,112,138,87,141,test,4.0
2578,107,154,112,139,86,140,test,4.0
2910,109,156,115,139,87,141,test,4.0
2246,106,152,111,136,85,139,test,4.0
2861,104,157,112,136,81,136,test,4.0
2951,105,159,111,137,81,134,test,4.0
1993,98,151,108,131,77,131,test,4.0
2256,101,154,110,134,79,135,test,4.0
2769,104,157,111,136,81,136,test,4.0
2344,96,167,114,144,93,161,train,4.0
2577,97,168,115,145,95,162,train,4.0
2111,96,166,113,142,91,162,train,4.0
2635,97,167,116,146,93,163,train,4.0
2432,97,167,115,144,91,162,train,4.0
3030,128,165,117,150,93,143,train,4.0
2637,126,163,117,149,91,142,train,4.0
2668,126,164,117,150,93,142,train,4.0
3000,129,165,117,150,92,143,train,4.0
2939,128,164,118,148,93,144,train,4.0
2084,108,149,115,137,88,147,test,4.0
2114,109,150,114,137,87,147,test,4.0
2235,109,151,115,137,88,147,test,4.0
2506,110,151,115,138,88,146,test,4.0
2477,111,151,115,137,88,146,test,4.0
2844,96,159,111,137,83,148,train,4.0
2466,94,158,109,136,81,148,train,4.0
2495,94,159,108,136,83,148,train,4.0
2816,96,161,111,139,81,149,train,4.0
2757,96,160,110,137,82,148,train,4.0
2731,128,158,115,137,86,142,train,4.0
3092,130,160,116,139,86,142,train,4.0
2700,128,158,116,137,86,142,train,4.0
3213,130,160,116,138,88,141,train,4.0
2639,127,158,114,136,87,140,train,4.0
2657,99,174,116,145,96,160,train,4.0
2191,97,171,114,142,94,161,train,4.0
2511,99,174,116,144,98,158,train,4.0
2249,98,171,114,141,95,159,train,4.0
1987,97,169,113,139,92,162,train,4.0
2947,97,176,115,149,101,167,train,4.0
3037,97,176,118,149,102,168,train,4.0
2082,95,171,115,144,97,166,train,4.0
2345,96,173,116,147,99,168,train,4.0
2855,98,175,117,150,101,168,train,4.0
2651,91,162,111,143,93,165,train,4.0
3582,94,167,114,146,99,163,train,4.0
3641,94,167,113,146,99,163,train,4.0
3554,94,166,114,147,99,163,train,4.0
2767,91,163,112,144,96,163,train,4.0
2318,98,168,116,146,101,166,train,4.0
2198,97,168,115,146,100,166,train,4.0
1931,95,165,114,143,99,165,train,4.0
2681,100,170,116,148,102,166,train,4.0
2865,98,171,116,147,103,165,train,4.0
3256,94,162,113,150,97,165,train,4.0
2848,94,160,112,148,95,165,train,4.0
2878,95,160,113,147,96,165,train,4.0
3402,95,161,114,149,98,164,train,4.0
3140,95,162,112,148,96,166,train,4.0
2705,103,179,121,154,112,166,train,4.0
2799,102,180,121,153,112,164,train,4.0
1801,102,176,118,150,109,167,train,4.0
2081,104,177,120,153,112,166,train,4.0
2612,103,178,121,153,113,166,train,4.0
2757,105,168,117,158,103,155,train,4.0
2850,104,169,116,160,102,155,train,4.0
1852,102,165,115,155,102,156,train,4.0
2134,103,167,115,155,102,156,train,4.0
2664,104,169,116,159,103,155,train,4.0
4106,97,170,116,152,103,162,train,4.0
3985,98,172,114,152,103,163,train,4.0
2287,92,162,111,142,96,160,train,4.0
3563,96,170,114,151,103,162,train,4.0
2433,91,162,110,143,94,162,train,4.0
2464,97,163,110,146,99,165,test,4.0
2348,95,163,109,145,96,165,test,4.0
2085,93,162,107,143,96,163,test,4.0
2816,97,165,111,147,100,165,test,4.0
2994,97,167,111,147,100,165,test,4.0
3371,99,168,115,149,99,165,test,4.0
2988,98,167,115,148,98,165,test,4.0
3017,98,168,115,148,98,166,test,4.0
3341,100,168,116,149,99,166,test,4.0
3281,101,168,115,148,99,164,test,4.0
2291,104,176,118,156,107,166,train,4.0
2354,104,175,117,156,107,166,train,4.0
2011,103,175,117,154,106,168,train,4.0
2384,103,176,119,155,108,164,train,4.0
2166,102,175,118,155,108,166,train,4.0
2872,98,167,117,148,99,162,train,4.0
2223,95,164,114,147,96,160,train,4.0
2606,97,166,117,148,99,162,train,4.0
2723,98,166,117,150,99,161,train,4.0
2310,96,163,115,146,98,162,train,4.0
2077,98,164,116,150,101,163,test,4.0
2107,100,163,115,150,102,163,test,4.0
2323,100,166,114,151,102,162,test,4.0
2230,100,165,115,151,101,164,test,4.0
2168,99,165,115,150,101,163,test,4.0
1876,95,152,109,142,97,163,train,4.0
1993,95,152,110,144,97,165,train,4.0
2226,97,153,112,144,97,163,train,4.0
2197,96,153,111,145,97,164,train,4.0
1673,93,149,107,142,95,161,train,4.0
3644,101,169,119,151,104,167,train,4.0
3238,101,168,118,150,103,166,train,4.0
3270,101,167,119,149,104,166,train,4.0
3613,102,170,119,150,104,166,train,4.0
3551,101,168,120,150,104,167,train,4.0
3218,97,174,114,148,100,168,train,4.0
3308,96,174,114,149,100,168,train,4.0
2357,93,169,112,146,98,167,train,4.0
2620,94,171,112,147,100,168,train,4.0
3128,96,174,113,149,100,168,train,4.0
3409,149,225,124,135,73,143,train,5.0
3500,149,226,125,134,73,142,train,5.0
2535,149,224,122,133,71,141,train,5.0
2806,148,225,122,133,73,141,train,5.0
3318,149,226,123,134,73,140,train,5.0
2444,153,218,116,131,63,154,train,5.0
3107,154,219,117,133,65,153,train,5.0
3289,153,219,118,133,65,152,train,5.0
2233,154,218,115,130,64,153,train,5.0
3168,153,218,116,135,65,152,train,5.0
2837,149,228,135,149,68,141,train,5.0
2505,148,228,135,150,66,137,train,5.0
2384,148,228,134,149,67,136,train,5.0
2686,150,228,135,151,67,139,train,5.0
2265,150,227,135,148,67,136,train,5.0
2629,156,222,126,142,66,156,train,5.0
2297,158,222,125,141,64,158,train,5.0
2147,158,221,124,139,64,157,train,5.0
2660,158,222,125,143,65,157,train,5.0
2026,157,223,123,140,64,159,train,5.0
2617,153,225,102,122,60,137,train,5.0
2496,153,226,102,120,60,137,train,5.0
2225,153,225,103,120,59,136,train,5.0
2978,153,225,104,123,62,138,train,5.0
3160,153,226,105,121,63,138,train,5.0
2569,159,228,127,137,63,172,train,5.0
2147,159,227,124,136,62,170,train,5.0
2177,159,227,126,135,61,170,train,5.0
2719,159,227,126,138,62,173,train,5.0
2448,157,228,126,136,63,171,train,5.0
2866,152,225,131,146,68,169,train,5.0
2382,153,225,129,144,66,168,train,5.0
2714,153,224,131,145,67,169,train,5.0
2443,152,225,130,144,68,167,train,5.0
2171,153,226,127,145,66,167,train,5.0
2902,147,225,104,142,69,139,test,5.0
2993,147,225,103,143,70,140,test,5.0
2027,147,224,101,140,66,137,test,5.0
2298,148,225,102,142,67,137,test,5.0
2811,147,225,103,143,69,141,test,5.0
3325,147,202,111,138,65,139,test,5.0
2662,146,200,111,135,63,137,test,5.0
3053,146,202,111,137,64,137,test,5.0
3174,147,202,111,138,64,138,test,5.0
2752,146,201,110,135,63,137,test,5.0
2974,153,231,127,140,66,150,train,5.0
2432,155,231,126,138,66,148,train,5.0
3427,153,232,127,141,66,152,train,5.0
3940,154,232,127,141,67,154,train,5.0
1768,155,228,124,134,62,146,train,5.0
2046,150,223,112,141,67,163,train,5.0
2198,150,222,112,142,67,163,train,5.0
2077,151,222,112,143,67,163,train,5.0
2439,149,224,114,144,69,163,train,5.0
1806,150,222,111,141,67,162,train,5.0
2831,152,224,124,136,65,174,test,5.0
2469,150,222,124,134,66,163,test,5.0
2710,150,223,124,134,65,164,test,5.0
2530,152,223,123,135,64,164,test,5.0
2257,151,222,122,134,64,161,test,5.0
2345,155,220,109,150,72,153,train,5.0
1953,154,220,109,149,71,153,train,5.0
2285,154,221,109,149,72,154,train,5.0
2195,155,221,109,149,71,154,train,5.0
2014,156,221,109,149,71,153,train,5.0
2806,153,213,141,155,72,172,train,5.0
2896,153,215,142,155,73,172,train,5.0
1932,154,210,142,152,69,174,train,5.0
2203,154,212,142,152,71,173,train,5.0
2715,152,213,141,155,72,172,train,5.0
1871,155,221,102,132,64,159,train,5.0
2383,155,221,106,134,67,160,train,5.0
2323,154,222,105,135,66,160,train,5.0
1901,155,221,103,132,65,159,train,5.0
2112,155,221,105,133,66,160,train,5.0
3069,142,220,162,134,98,175,train,5.0
3250,143,218,163,133,98,174,train,5.0
1561,141,217,156,128,93,173,train,5.0
3280,141,220,163,134,97,174,train,5.0
1712,139,217,157,128,94,174,train,5.0
3219,144,225,155,127,62,156,train,5.0
2827,143,224,155,126,63,156,train,5.0
2856,143,225,154,126,63,156,train,5.0
3188,144,224,155,127,64,156,train,5.0
3129,144,224,155,126,64,155,train,5.0
3044,152,220,155,131,62,179,train,5.0
3135,152,221,155,132,62,180,train,5.0
2169,152,220,153,129,59,178,train,5.0
2441,153,220,154,130,60,178,train,5.0
2954,151,222,153,132,62,179,train,5.0
2191,149,220,158,137,64,167,train,5.0
1800,149,220,158,135,63,166,train,5.0
2131,150,220,160,136,65,166,train,5.0
2040,150,221,159,135,64,167,train,5.0
1860,150,220,159,135,64,165,train,5.0
2647,155,224,149,128,63,189,train,5.0
2285,155,224,147,126,61,190,train,5.0
2527,154,225,146,128,61,191,train,5.0
2345,155,224,148,126,61,191,train,5.0
2074,155,223,148,124,59,191,train,5.0
2290,152,223,129,130,60,125,train,5.0
4039,151,223,129,135,63,129,train,5.0
2712,150,224,128,131,62,126,train,5.0
2169,152,223,128,129,59,124,train,5.0
3014,151,223,128,132,63,126,train,5.0
2637,157,199,111,123,61,175,train,5.0
3000,158,199,111,123,61,176,train,5.0
2608,157,198,111,123,61,175,train,5.0
3120,157,200,111,124,61,176,train,5.0
2547,157,198,110,125,62,176,train,5.0
2554,153,219,157,126,60,164,test,5.0
2162,152,219,157,124,61,165,test,5.0
2193,152,220,157,123,61,164,test,5.0
2524,153,221,157,125,61,164,test,5.0
2464,152,220,157,125,61,164,test,5.0
2463,154,224,184,132,61,172,test,5.0
2131,154,224,185,131,59,173,test,5.0
2011,153,223,185,130,61,172,test,5.0
2312,154,223,185,131,60,173,test,5.0
1890,154,224,184,129,59,171,test,5.0
3253,150,219,108,140,66,145,train,5.0
2862,149,218,109,138,66,144,train,5.0
2891,150,218,108,138,65,145,train,5.0
3223,150,218,108,140,66,146,train,5.0
3163,150,218,109,138,66,145,train,5.0
2586,153,215,93,148,68,168,train,5.0
2237,154,214,92,147,68,168,train,5.0
2470,154,214,93,148,68,168,train,5.0
2295,154,214,93,148,68,167,train,5.0
2033,154,214,92,145,68,167,train,5.0
2739,152,219,134,143,69,148,test,5.0
2347,152,218,134,142,68,149,test,5.0
2376,151,218,134,142,68,148,test,5.0
2708,151,218,135,143,68,147,test,5.0
2648,152,218,134,143,68,149,test,5.0
2109,151,194,88,134,62,147,train,5.0
2488,151,197,89,135,64,146,train,5.0
2342,151,197,87,135,64,146,train,5.0
2139,151,195,88,134,62,146,train,5.0
2546,150,197,89,137,64,146,train,5.0
2342,146,222,160,127,61,166,train,5.0
2583,145,223,161,128,61,166,train,5.0
2101,146,222,160,127,60,168,train,5.0
2825,146,223,161,129,61,167,train,5.0
2433,145,222,161,128,60,166,train,5.0
2707,153,217,150,132,65,168,train,5.0
2375,154,217,149,131,66,168,train,5.0
2254,154,217,149,130,63,168,train,5.0
2556,154,216,150,131,66,166,train,5.0
2135,154,217,149,129,64,169,train,5.0
2869,158,214,116,149,77,167,train,5.0
2477,157,213,115,148,76,167,train,5.0
2506,157,214,115,147,77,165,train,5.0
2838,157,213,116,148,77,166,train,5.0
2778,157,214,116,148,78,165,train,5.0
2429,156,222,117,140,69,152,train,5.0
2068,156,220,117,140,69,152,train,5.0
2309,155,220,118,139,69,152,train,5.0
2128,156,221,117,138,68,153,train,5.0
1856,155,220,115,140,68,151,train,5.0
2798,155,220,104,133,67,146,train,5.0
3913,154,220,105,134,70,143,train,5.0
3763,155,220,106,133,71,143,train,5.0
3310,154,221,105,134,68,143,train,5.0
3160,155,220,105,132,69,145,train,5.0
2652,154,219,104,142,69,166,train,5.0
2290,153,220,102,141,70,164,train,5.0
2532,153,220,102,142,71,164,train,5.0
2351,154,220,103,140,70,165,train,5.0
2079,154,219,101,140,70,166,train,5.0
2469,150,201,125,157,77,158,train,5.0
2499,150,201,125,157,76,158,train,5.0
2710,149,201,125,158,77,157,train,5.0
2620,149,202,125,158,76,158,train,5.0
2560,151,200,125,158,76,157,train,5.0
2106,157,215,98,127,63,154,train,5.0
2601,157,216,97,129,64,156,train,5.0
2543,158,216,98,129,64,155,train,5.0
2136,157,216,97,129,62,154,train,5.0
2339,158,215,97,129,62,156,train,5.0
1882,155,225,156,137,62,168,train,5.0
2274,154,226,157,138,62,168,train,5.0
2122,155,225,157,136,63,167,train,5.0
1911,155,226,156,136,62,168,train,5.0
2334,154,226,157,138,65,167,train,5.0
1985,155,218,113,135,67,158,test,5.0
2137,155,218,114,137,68,157,test,5.0
2016,155,218,115,135,68,158,test,5.0
2377,156,218,116,136,69,157,test,5.0
1744,156,218,112,133,67,157,test,5.0
2270,157,217,103,140,72,156,test,5.0
3234,156,220,104,143,74,154,test,5.0
3295,155,220,104,143,75,154,test,5.0
3205,157,220,103,142,74,155,test,5.0
2390,156,219,101,140,72,155,test,5.0
2104,159,218,116,131,66,158,train,5.0
2345,158,218,116,131,65,159,train,5.0
1863,158,219,115,130,65,158,train,5.0
2556,157,218,117,132,65,156,train,5.0
2195,158,219,115,130,66,158,train,5.0
2497,156,171,93,138,67,159,train,5.0
2148,157,171,93,136,68,159,train,5.0
2380,156,171,93,137,68,159,train,5.0
2206,156,171,93,137,68,160,train,5.0
1944,157,171,93,136,68,159,train,5.0
2801,155,226,125,126,64,140,test,5.0
2409,155,226,123,126,62,142,test,5.0
2741,155,227,125,126,64,140,test,5.0
2650,155,226,124,127,64,142,test,5.0
2469,155,226,124,126,64,142,test,5.0
1410,158,221,119,120,56,174,train,5.0
1560,159,219,120,122,58,171,train,5.0
2435,157,222,120,126,59,167,train,5.0
1802,158,219,120,123,59,167,train,5.0
2766,158,222,121,128,61,167,train,5.0
2709,152,214,108,131,67,130,train,5.0
2377,152,215,106,131,66,129,train,5.0
2227,153,213,106,130,66,130,train,5.0
2740,152,214,107,131,67,131,train,5.0
2106,153,214,106,129,66,130,train,5.0
1860,152,219,103,134,71,143,train,5.0
2342,153,221,104,137,70,144,train,5.0
1829,153,219,101,134,69,142,train,5.0
2222,153,219,104,136,71,144,train,5.0
1588,154,219,100,133,68,144,train,5.0
3207,160,224,169,235,128,88,train,6.0
3387,159,224,170,236,127,88,train,6.0
1698,160,230,166,242,130,93,train,6.0
3418,160,224,170,236,128,89,train,6.0
1849,161,229,168,242,130,85,train,6.0
3127,161,222,177,222,141,104,train,6.0
2440,161,219,168,217,142,101,train,6.0
4093,161,230,182,225,144,106,train,6.0
1775,165,230,174,233,138,91,train,6.0
3719,161,230,181,226,143,106,train,6.0
3957,164,226,172,244,141,93,train,6.0
1666,162,218,156,242,137,91,train,6.0
2449,163,224,171,243,140,92,train,6.0
2329,163,224,170,243,140,93,train,6.0
2027,163,221,168,243,139,93,train,6.0
3525,152,234,181,227,154,117,train,6.0
3681,151,234,181,228,155,117,train,6.0
4585,152,234,183,230,157,112,train,6.0
3931,151,235,183,229,157,116,train,6.0
4897,152,236,183,231,157,111,train,6.0
3367,156,208,170,241,141,96,train,6.0
2583,154,204,168,240,140,95,train,6.0
3398,157,208,171,242,142,97,train,6.0
2825,156,206,169,241,141,97,train,6.0
3006,157,207,170,241,141,97,train,6.0
3207,160,220,177,241,134,96,train,6.0
2543,161,214,176,242,131,96,train,6.0
2935,163,218,175,243,134,96,train,6.0
3055,161,219,177,241,134,96,train,6.0
2633,160,215,176,242,132,96,train,6.0
2661,162,218,174,239,142,95,train,6.0
1652,164,232,183,244,131,149,train,6.0
2691,160,219,174,239,142,94,train,6.0
2027,163,237,179,245,140,91,train,6.0
1965,164,236,178,245,140,115,train,6.0
3045,161,211,178,237,137,98,test,6.0
2925,161,210,178,235,138,99,test,6.0
2653,160,208,174,235,136,97,test,6.0
3409,162,212,181,239,140,98,test,6.0
3591,161,213,181,239,140,98,test,6.0
2450,157,212,173,238,135,96,test,6.0
2330,158,211,173,237,136,97,test,6.0
2058,157,210,173,237,136,95,test,6.0
2812,158,215,176,238,135,97,test,6.0
2994,159,215,176,238,134,98,test,6.0
2902,162,222,177,241,138,95,train,6.0
2480,162,221,176,240,138,94,train,6.0
2509,162,222,176,241,137,97,train,6.0
3022,161,223,177,240,137,95,train,6.0
2781,163,222,176,240,138,97,train,6.0
2580,162,229,193,234,144,93,train,6.0
1916,161,226,177,236,144,89,train,6.0
3395,163,231,195,236,144,95,train,6.0
2037,160,222,178,233,145,87,train,6.0
3575,163,231,195,236,145,95,train,6.0
2719,161,220,173,242,141,91,test,6.0
1809,157,227,171,243,121,123,test,6.0
2479,162,222,172,240,138,89,test,6.0
2750,161,222,174,241,141,93,test,6.0
2358,164,223,172,241,133,86,test,6.0
3976,171,232,175,240,149,100,train,6.0
1622,172,236,183,242,146,141,train,6.0
2425,169,227,172,236,142,101,train,6.0
2300,169,230,175,239,140,105,train,6.0
1990,168,229,170,241,155,97,train,6.0
2965,160,216,185,241,131,96,train,6.0
2633,160,215,184,242,131,97,train,6.0
2483,161,214,183,241,132,96,train,6.0
2996,161,216,185,242,132,98,train,6.0
2362,161,213,182,241,131,97,train,6.0
3483,156,227,183,239,137,93,train,6.0
3061,155,226,184,237,136,94,train,6.0
3091,155,227,184,237,136,91,train,6.0
3604,156,227,183,240,137,94,train,6.0
3362,155,227,183,238,137,93,train,6.0
2948,176,211,161,229,148,96,train,6.0
3188,174,212,162,229,149,95,train,6.0
2706,175,209,160,229,150,94,train,6.0
3249,175,212,161,230,149,95,train,6.0
3038,174,210,162,230,148,94,train,6.0
2956,166,200,172,234,132,98,train,6.0
2473,167,198,171,233,131,98,train,6.0
2805,166,200,172,233,133,98,train,6.0
2534,166,199,171,233,131,97,train,6.0
2263,165,196,169,233,130,97,train,6.0
2859,162,213,171,236,135,95,train,6.0
3220,162,214,171,236,137,96,train,6.0
2828,163,212,171,235,137,94,train,6.0
3341,163,213,172,236,137,96,train,6.0
2767,162,212,170,236,137,94,train,6.0
2292,159,220,170,240,142,100,train,6.0
2448,160,220,171,242,142,103,train,6.0
3353,162,223,172,241,145,104,train,6.0
2698,161,220,171,241,143,102,train,6.0
3665,163,222,173,241,144,104,train,6.0
2232,158,216,175,245,142,102,train,6.0
2481,160,217,176,244,141,101,train,6.0
1982,157,214,174,244,141,101,train,6.0
2699,159,217,176,244,141,100,train,6.0
2326,159,216,176,244,142,99,train,6.0
2451,162,203,181,236,129,95,train,6.0
2361,161,203,180,236,127,96,train,6.0
2331,161,203,180,236,126,94,train,6.0
2663,162,204,180,236,129,96,train,6.0
1999,159,203,175,235,121,95,train,6.0
3514,166,205,168,236,139,103,train,6.0
3078,165,203,167,235,139,102,train,6.0
3108,166,204,168,236,140,103,train,6.0
3671,166,206,168,236,140,103,train,6.0
3389,166,205,168,237,139,104,train,6.0
1357,156,225,171,240,135,95,test,6.0
1508,164,226,169,240,135,91,test,6.0
2382,163,204,176,232,133,96,test,6.0
1750,163,204,164,233,123,92,test,6.0
2684,163,205,175,233,134,96,test,6.0
2765,159,213,187,232,142,99,test,6.0
2400,158,213,186,233,136,101,test,6.0
2247,157,213,186,232,136,98,test,6.0
2796,159,214,187,232,141,99,test,6.0
2124,157,213,186,232,136,99,test,6.0
3667,162,216,188,238,136,97,train,6.0
3878,162,216,188,238,138,97,train,6.0
2069,160,211,185,236,131,96,train,6.0
3426,163,215,189,238,136,97,train,6.0
2220,160,213,186,238,130,95,train,6.0
2809,164,214,169,231,133,94,train,6.0
2447,165,212,169,231,131,95,train,6.0
2689,164,213,169,231,130,94,train,6.0
2507,164,212,169,230,133,96,train,6.0
2236,164,213,168,231,131,95,train,6.0
2785,164,205,174,239,135,100,test,6.0
2415,165,204,173,239,136,100,test,6.0
2264,164,203,171,239,136,99,test,6.0
2817,165,205,175,239,135,101,test,6.0
2142,163,201,170,239,135,99,test,6.0
2532,162,212,183,241,138,101,train,6.0
2194,163,211,184,240,138,99,train,6.0
2039,162,211,184,240,138,100,train,6.0
2563,163,211,181,241,139,99,train,6.0
1916,161,212,184,240,138,100,train,6.0
2578,163,209,170,241,138,95,train,6.0
3483,165,213,171,244,132,97,train,6.0
3452,165,212,172,244,132,97,train,6.0
2367,163,208,170,242,140,97,train,6.0
3333,166,212,171,243,132,98,train,6.0
2234,159,201,176,239,133,94,train,6.0
2897,160,201,178,238,134,95,train,6.0
3079,161,203,178,239,135,94,train,6.0
2023,159,200,176,238,131,94,train,6.0
2958,160,202,178,239,134,95,train,6.0
2049,160,224,166,240,137,96,train,6.0
2954,161,225,168,240,140,98,train,6.0
2923,161,224,168,239,140,96,train,6.0
1838,160,223,164,240,135,96,train,6.0
2803,160,224,167,239,140,98,train,6.0
1329,153,229,171,239,132,92,train,6.0
1479,159,229,170,240,132,89,train,6.0
2323,162,224,178,235,139,97,train,6.0
1720,162,223,167,237,134,98,train,6.0
1901,162,224,174,235,137,98,train,6.0
2237,164,226,169,235,136,98,train,6.0
2599,165,226,170,235,136,98,train,6.0
2207,164,226,169,235,136,98,train,6.0
2719,164,226,171,234,137,97,train,6.0
2147,163,227,169,235,136,97,train,6.0
2182,161,219,170,244,130,93,train,6.0
2302,161,219,171,243,131,94,train,6.0
2544,161,220,171,244,132,93,train,6.0
2513,160,220,171,244,132,94,train,6.0
1971,161,219,169,243,130,91,train,6.0
2287,163,228,162,224,152,102,train,6.0
2537,163,229,165,223,153,102,train,6.0
2037,164,226,162,224,153,100,train,6.0
2755,164,230,166,224,153,102,train,6.0
2380,163,228,164,224,154,102,train,6.0
2523,154,228,175,234,130,105,train,6.0
2897,155,228,176,235,130,106,train,6.0
2492,154,227,175,234,131,106,train,6.0
3022,155,228,176,235,131,104,train,6.0
2429,155,227,175,234,130,105,train,6.0
3313,167,228,172,236,129,100,train,6.0
3558,167,227,173,236,130,99,train,6.0
1671,165,224,165,233,121,93,train,6.0
3039,166,228,172,235,128,99,train,6.0
1821,165,225,167,233,121,97,train,6.0
2669,152,226,179,237,137,103,test,6.0
1982,151,226,179,235,138,101,test,6.0
2387,152,226,178,236,139,101,test,6.0
2512,151,226,179,236,139,102,test,6.0
2076,152,225,178,236,137,102,test,6.0
2577,165,227,177,233,146,100,test,6.0
2394,164,227,177,232,145,100,test,6.0
2121,163,226,178,232,144,98,test,6.0
2363,163,227,176,232,146,98,test,6.0
2639,164,227,176,233,146,100,test,6.0
1403,160,227,177,243,129,99,train,6.0
1554,163,224,165,237,118,96,train,6.0
2489,165,222,178,233,131,99,train,6.0
2761,165,224,178,234,133,98,train,6.0
1796,164,220,171,234,120,98,train,6.0
2556,163,231,176,237,142,105,train,6.0
3243,163,230,180,237,142,108,train,6.0
3430,162,230,179,238,142,107,train,6.0
2338,163,230,178,238,141,105,train,6.0
3305,163,230,179,238,142,108,train,6.0
2110,159,223,168,240,136,93,test,6.0
3015,159,224,171,240,138,94,test,6.0
2984,160,224,170,241,138,95,test,6.0
1899,158,223,168,241,135,91,test,6.0
2865,159,225,170,241,136,94,test,6.0
2539,150,228,177,232,133,101,train,6.0
2664,151,228,177,232,133,100,train,6.0
2913,151,228,178,232,133,102,train,6.0
2882,150,228,178,232,133,102,train,6.0
2324,151,227,176,232,133,99,train,6.0
2454,164,224,170,240,126,98,train,6.0
2819,165,224,171,240,129,99,train,6.0
2424,164,223,170,240,126,98,train,6.0
2939,165,224,171,241,130,99,train,6.0
2364,164,223,171,239,126,98,train,6.0
2606,157,227,173,231,128,101,train,6.0
2263,158,227,174,231,125,101,train,6.0
2107,158,227,174,231,126,99,train,6.0
2636,157,228,173,232,127,102,train,6.0
1983,158,227,173,231,126,101,train,6.0
2401,178,233,197,235,114,159,train,7.0
1995,179,233,198,235,112,160,train,7.0
2338,178,233,197,234,115,160,train,7.0
2244,178,234,197,236,112,160,train,7.0
2057,179,233,197,235,112,160,train,7.0
2900,177,237,198,226,120,152,train,7.0
2557,177,237,198,226,120,154,train,7.0
2433,178,237,197,225,119,154,train,7.0
2745,177,237,198,226,121,152,train,7.0
2308,178,237,197,226,119,154,train,7.0
4638,164,237,192,224,108,147,train,7.0
5762,164,236,192,225,107,147,train,7.0
3952,165,236,192,224,111,147,train,7.0
3266,165,236,192,225,111,148,train,7.0
4545,165,236,193,224,109,147,train,7.0
2745,175,237,200,239,117,156,train,7.0
2402,177,237,198,236,115,160,train,7.0
2277,177,236,199,237,115,162,train,7.0
2588,175,237,197,238,117,158,train,7.0
2152,176,236,199,236,116,161,train,7.0
4524,178,210,175,217,159,171,train,7.0
3587,180,210,174,220,156,171,train,7.0
3213,181,210,179,226,161,172,train,7.0
3368,180,208,175,220,151,171,train,7.0
3961,179,210,175,218,154,170,train,7.0
1746,171,238,200,243,119,140,train,7.0
2245,170,239,201,243,122,139,train,7.0
1715,171,238,200,241,120,139,train,7.0
2120,170,238,201,242,123,138,train,7.0
1466,172,238,199,241,115,141,train,7.0
2870,176,239,201,232,127,152,train,7.0
2495,175,239,200,235,125,156,train,7.0
2745,175,238,200,234,127,154,train,7.0
2557,175,238,201,234,126,154,train,7.0
2277,176,238,201,236,128,155,train,7.0
2745,176,237,197,223,119,153,test,7.0
2838,176,237,197,223,119,152,test,7.0
1840,177,237,197,225,116,156,test,7.0
2120,176,236,199,223,119,154,test,7.0
2651,176,237,198,222,119,152,test,7.0
2089,169,235,196,226,114,152,test,7.0
2620,168,235,196,225,112,152,test,7.0
2557,168,235,197,225,113,151,test,7.0
2120,169,235,196,225,113,151,test,7.0
2339,169,235,195,225,114,153,test,7.0
2922,169,237,193,231,112,148,train,7.0
2236,172,237,193,230,112,149,train,7.0
2641,171,236,193,231,112,146,train,7.0
2766,170,237,193,231,112,148,train,7.0
2330,172,236,193,231,112,150,train,7.0
3150,174,234,186,226,119,163,train,7.0
2713,175,234,187,224,120,166,train,7.0
2995,174,235,186,226,119,166,train,7.0
2776,176,234,187,226,119,164,train,7.0
2495,177,234,187,227,119,167,train,7.0
2682,181,234,198,241,136,168,test,7.0
2495,181,234,198,242,136,169,test,7.0
2214,181,234,199,240,136,170,test,7.0
2464,181,234,198,241,136,170,test,7.0
2745,181,234,199,241,136,168,test,7.0
2277,177,236,198,236,143,157,train,7.0
2527,177,235,199,235,141,154,train,7.0
2027,178,236,199,237,147,158,train,7.0
2745,178,236,199,237,139,155,train,7.0
2370,178,235,198,235,140,156,train,7.0
2152,178,238,198,237,118,160,train,7.0
2682,178,238,199,237,119,158,train,7.0
2620,178,237,198,238,118,158,train,7.0
2183,179,237,199,237,117,161,train,7.0
2402,177,237,199,237,118,159,train,7.0
2838,175,237,202,229,133,152,train,7.0
2433,175,238,201,229,133,152,train,7.0
2776,175,237,202,229,134,151,train,7.0
2682,175,238,201,229,134,152,train,7.0
2495,176,238,201,230,133,152,train,7.0
2620,169,214,167,233,158,154,train,7.0
2245,168,213,165,234,159,154,train,7.0
2089,168,212,166,234,159,152,train,7.0
2651,169,214,166,235,159,154,train,7.0
1965,166,212,166,234,160,154,train,7.0
2620,175,222,175,237,162,156,train,7.0
2183,175,222,176,237,161,156,train,7.0
2464,174,223,176,237,161,156,train,7.0
2245,175,223,176,238,162,156,train,7.0
1965,176,223,174,238,161,158,train,7.0
2527,163,223,175,232,161,162,train,7.0
2776,163,223,174,232,161,161,train,7.0
2277,164,222,174,232,162,164,train,7.0
2838,163,222,174,230,160,162,train,7.0
2620,163,223,174,232,161,162,train,7.0
2464,161,221,176,235,159,149,train,7.0
2713,162,222,176,235,157,149,train,7.0
2214,161,221,176,235,158,151,train,7.0
2963,164,221,176,235,159,148,train,7.0
2557,162,222,177,235,158,149,train,7.0
2557,176,220,177,236,160,149,train,7.0
2152,178,221,177,236,161,154,train,7.0
2183,177,220,177,237,159,154,train,7.0
2527,177,221,177,237,159,152,train,7.0
2464,177,220,176,236,159,152,train,7.0
2214,156,215,166,232,167,161,train,7.0
3213,160,215,166,232,165,159,train,7.0
3275,161,216,166,233,166,158,train,7.0
3181,161,215,167,232,166,158,train,7.0
2339,154,215,165,233,166,159,train,7.0
2089,161,219,173,234,157,154,train,7.0
2776,163,219,174,233,156,154,train,7.0
2963,163,219,173,233,156,153,train,7.0
1871,163,219,172,234,158,156,train,7.0
2838,164,220,174,233,158,154,train,7.0
1746,164,220,176,238,163,158,test,7.0
1996,164,220,176,238,161,158,test,7.0
1497,163,219,177,238,163,160,test,7.0
2214,164,221,177,238,162,156,test,7.0
1840,164,220,177,238,162,159,test,7.0
2277,166,224,175,234,164,157,test,7.0
1934,169,224,176,235,164,159,test,7.0
1809,169,224,175,234,165,159,test,7.0
2120,168,224,176,234,163,160,test,7.0
1684,169,223,175,234,164,158,test,7.0
2995,161,227,172,236,167,162,test,7.0
2308,159,226,174,236,167,163,test,7.0
2713,159,226,174,237,168,161,test,7.0
2838,160,226,173,238,168,162,test,7.0
2402,160,227,173,237,167,164,test,7.0
1934,173,222,170,236,163,161,train,7.0
1840,172,222,168,236,163,161,train,7.0
1809,174,222,169,235,164,163,train,7.0
2152,172,222,169,235,162,160,train,7.0
1466,173,222,169,236,164,164,train,7.0
3150,171,222,166,236,164,157,train,7.0
2776,173,221,166,236,163,158,train,7.0
2620,174,222,165,235,164,157,train,7.0
3181,173,223,166,235,163,158,train,7.0
2495,175,222,166,235,164,158,train,7.0
2527,160,212,160,231,152,159,train,7.0
2152,161,211,160,231,154,160,train,7.0
2402,161,211,160,231,154,157,train,7.0
2214,161,211,160,231,154,160,train,7.0
1934,162,211,158,231,153,161,train,7.0
2682,164,220,169,234,165,152,train,7.0
2277,165,221,169,234,166,153,train,7.0
2308,165,219,170,234,164,154,train,7.0
2651,165,219,170,235,164,153,train,7.0
2588,164,220,169,235,165,154,train,7.0
2214,168,221,170,234,161,158,train,7.0
1715,168,220,169,234,162,157,train,7.0
2058,167,220,169,234,160,157,train,7.0
1777,169,220,169,235,161,157,train,7.0
1497,168,218,169,233,163,157,train,7.0
2277,163,224,172,237,166,160,train,7.0
2308,163,224,172,237,167,158,train,7.0
2433,162,224,172,237,166,158,train,7.0
2713,161,224,171,237,166,157,train,7.0
2682,161,224,172,236,166,157,train,7.0
3275,167,227,172,239,162,160,train,7.0
3368,167,227,172,240,160,161,train,7.0
2370,168,226,172,239,163,165,train,7.0
2651,169,227,172,239,165,162,train,7.0
3181,167,227,172,240,160,160,train,7.0
2277,140,186,131,190,133,164,train,7.0
2089,140,186,131,189,132,164,train,7.0
1809,140,186,129,190,131,166,train,7.0
2058,140,186,130,191,132,164,train,7.0
2339,141,186,131,189,133,164,train,7.0
2527,160,210,151,216,158,165,train,7.0
2620,160,205,151,215,159,163,train,7.0
1622,161,209,149,217,162,165,train,7.0
1902,162,209,150,214,159,166,train,7.0
2433,161,210,151,214,158,166,train,7.0
2961,168,228,193,216,107,141,train,7.0
2462,169,227,192,216,106,144,train,7.0
2805,170,228,192,217,105,142,train,7.0
2524,168,227,192,216,106,142,train,7.0
2243,169,227,193,215,106,144,train,7.0
2651,149,196,141,194,133,162,train,7.0
2277,149,194,140,193,133,161,train,7.0
2527,149,194,141,195,132,161,train,7.0
2339,149,193,141,194,133,161,train,7.0
2058,148,192,140,192,131,161,train,7.0
2339,172,218,157,233,165,169,train,7.0
2745,173,218,158,234,164,166,train,7.0
2588,171,218,157,235,164,166,train,7.0
2370,172,218,157,235,164,168,train,7.0
2807,173,218,158,235,165,166,train,7.0
2402,164,190,145,209,155,161,train,7.0
2058,163,189,146,208,155,162,train,7.0
1934,165,189,145,207,155,163,train,7.0
2245,164,189,146,207,154,162,train,7.0
1809,164,187,145,208,155,162,train,7.0
2896,162,224,180,214,95,146,test,7.0
2987,162,223,180,214,95,146,test,7.0
2022,161,223,182,213,91,150,test,7.0
2293,162,223,181,214,93,149,test,7.0
2806,162,224,181,213,95,146,test,7.0
2464,166,190,131,188,147,169,test,7.0
2713,165,191,131,188,147,168,test,7.0
2214,168,189,130,187,150,171,test,7.0
2932,168,192,132,191,147,169,test,7.0
2557,164,190,130,189,146,169,test,7.0
1652,153,187,138,198,147,162,train,7.0
1809,153,187,138,200,146,162,train,7.0
1684,153,188,138,199,148,163,train,7.0
2058,153,187,139,200,145,162,train,7.0
1403,154,188,137,198,148,162,train,7.0
2370,164,220,160,235,165,164,train,7.0
2183,165,219,161,234,165,165,train,7.0
1902,166,219,160,235,165,167,train,7.0
2152,165,220,161,235,165,165,train,7.0
2433,162,219,160,235,165,163,train,7.0
3213,161,213,149,224,159,166,test,7.0
3400,159,213,150,222,159,166,test,7.0
1652,161,212,148,225,161,169,test,7.0
3431,159,214,149,223,158,167,test,7.0
1809,162,212,148,223,162,168,test,7.0
2234,180,218,185,225,97,152,train,7.0
2384,180,218,186,224,98,152,train,7.0
2566,180,218,185,224,98,151,train,7.0
2265,180,219,186,225,98,152,train,7.0
2476,180,218,186,225,97,150,train,7.0
2370,154,197,146,205,155,167,train,7.0
2402,155,198,147,206,154,166,train,7.0
2620,155,198,147,206,153,166,train,7.0
2527,155,199,146,206,154,166,train,7.0
2464,155,198,147,204,155,166,train,7.0
4087,182,219,182,227,108,147,train,7.0
3713,181,220,182,228,105,148,train,7.0
3962,181,221,182,228,108,147,train,7.0
3775,181,222,182,228,106,148,train,7.0
3494,181,220,182,228,106,148,train,7.0
